INSERT INTO boats(id,producer,model,name,cabins,toilets,draft,water_tank,fuel_tank,last_checked_date,price) VALUES ('07678bfc-464b-11e9-b210-d663bd873d93','Bavaria','42','Himera',4,2,1.8,180,150,'03.11.2018',1400);
INSERT INTO boats(id,producer,model,name,cabins,toilets,draft,water_tank,fuel_tank,last_checked_date,price) VALUES ('07678800-464b-11e9-b210-d663bd873d93','Bavaria','35','Assante',3,1,'1.6',120,80,'2018-11-02',1200);
INSERT INTO boats(id,producer,model,name,cabins,toilets,draft,water_tank,fuel_tank,last_checked_date,price) VALUES ('07678e40-464b-11e9-b210-d663bd873d93','Benetau','50.5 Ciclades','Oceanis',5,4,2,240,200,'05.10.2017',2000);
INSERT INTO boats(id,producer,model,name,cabins,toilets,draft,water_tank,fuel_tank,last_checked_date,price) VALUES ('07678fe4-464b-11e9-b210-d663bd873d93','Jeanneau','39','Escape',4,2,1.6,120,120,'01.01.2019',1800);
INSERT INTO boats(id,producer,model,name,cabins,toilets,draft,water_tank,fuel_tank,last_checked_date,price) VALUES ('0767914c-464b-11e9-b210-d663bd873d93','Gip Sea','Duffor 372','Andromeda',3,1,1.8,180,130,'10.02.2019',2200);
INSERT INTO boats(id,producer,model,name,cabins,toilets,draft,water_tank,fuel_tank,last_checked_date,price) VALUES ('076797d2-464b-11e9-b210-d663bd873d93','Hallberg Rassy','41','Milena',4,2,2,240,150,'05.03.2019',1500);
INSERT INTO boats(id,producer,model,name,cabins,toilets,draft,water_tank,fuel_tank,last_checked_date,price) VALUES ('07679b24-464b-11e9-b210-d663bd873d93','Bavaria','50','Evil Woman',5,5,2.2,250,180,'01.12.2018',1650);
INSERT INTO boats(id,producer,model,name,cabins,toilets,draft,water_tank,fuel_tank,last_checked_date,price) VALUES ('07679ca0-464b-11e9-b210-d663bd873d93','Bavaria','58','Pretty Lady',4,4,1.8,220,250,'07.07.2018',2000);
INSERT INTO boats(id,producer,model,name,cabins,toilets,draft,water_tank,fuel_tank,last_checked_date,price) VALUES ('07679df4-464b-11e9-b210-d663bd873d93','Elan','40','Ipsipili',4,2,2,215,120,'08.08.2018',1500);
INSERT INTO boats(id,producer,model,name,cabins,toilets,draft,water_tank,fuel_tank,last_checked_date,price) VALUES ('07679f48-464b-11e9-b210-d663bd873d93','Benetau','46','Alexandria',4,2,1.6,120,150,'20.08.2017',1200);
INSERT INTO boats(id,producer,model,name,cabins,toilets,draft,water_tank,fuel_tank,last_checked_date,price) VALUES ('0767a09c-464b-11e9-b210-d663bd873d93','Jeanneau','48','Eden',4,2,1.8,180,200,'25.04.2017',1400);
INSERT INTO boats(id,producer,model,name,cabins,toilets,draft,water_tank,fuel_tank,last_checked_date,price) VALUES ('0767a1fa-464b-11e9-b210-d663bd873d93','Gip Sea','42','Pink Flamingo',4,2,2,240,120,'31.07.2018',2000);
INSERT INTO boats(id,producer,model,name,cabins,toilets,draft,water_tank,fuel_tank,last_checked_date,price) VALUES ('0767a34e-464b-11e9-b210-d663bd873d93','Hallberg Rassy','40','Queen',4,2,1.8,250,130,'09.09.2018',1800);
INSERT INTO boats(id,producer,model,name,cabins,toilets,draft,water_tank,fuel_tank,last_checked_date,price) VALUES ('0767a826-464b-11e9-b210-d663bd873d93','Bavaria','38','Iliyana',3,2,1.8,220,150,'05.02.2016',2200);
INSERT INTO boats(id,producer,model,name,cabins,toilets,draft,water_tank,fuel_tank,last_checked_date,price) VALUES ('0767a9a2-464b-11e9-b210-d663bd873d93','Benetau','38','Joy',2,1,1.6,215,180,'02.04.2018',1500);
INSERT INTO boats(id,producer,model,name,cabins,toilets,draft,water_tank,fuel_tank,last_checked_date,price) VALUES ('0767aaf6-464b-11e9-b210-d663bd873d93','Jeanneau','40','Maria Joanna',4,2,1.8,120,250,'31.12.2018',1650);
INSERT INTO boats(id,producer,model,name,cabins,toilets,draft,water_tank,fuel_tank,last_checked_date,price) VALUES ('0767ac4a-464b-11e9-b210-d663bd873d93','Gip Sea','40','Sofia',4,2,2,180,120,'25.12.2017',2000);
INSERT INTO boats(id,producer,model,name,cabins,toilets,draft,water_tank,fuel_tank,last_checked_date,price) VALUES ('0767adb2-464b-11e9-b210-d663bd873d93','Hallberg Rassy','44','Dara',5,3,1.6,240,130,'22.11.2018',1500);
INSERT INTO boats(id,producer,model,name,cabins,toilets,draft,water_tank,fuel_tank,last_checked_date,price) VALUES ('0767b028-464b-11e9-b210-d663bd873d93','Elan','46','Future',4,2,1.8,250,150,'23.05.2018',1400);
INSERT INTO boats(id,producer,model,name,cabins,toilets,draft,water_tank,fuel_tank,last_checked_date,price) VALUES ('0767b3d4-464b-11e9-b210-d663bd873d93','Benetau','50','Fortuna',5,3,2,220,180,'24.07.2018',2000);

INSERT INTO peoples(id,first_name,last_name,phone,email,address,is_employee,is_customer,is_supplier) VALUES ('b3d047c9-8b30-4fac-8ec2-1131f6fed320','Stella','Cavallo','218-693-0075','StellaBCavallo@gustr.com','3813 Eagle Lane, East Grand Forks',TRUE,FALSE,FALSE);
INSERT INTO peoples(id,first_name,last_name,phone,email,address,is_employee,is_customer,is_supplier) VALUES ('32ce322c-6647-46a8-991c-d8731ac23a68','William','Hall','661-817-2650','WilliamNHall@gustr.com','2299 Gateway Avenue, Bakersfield',TRUE,FALSE,FALSE);
INSERT INTO peoples(id,first_name,last_name,phone,email,address,is_employee,is_customer,is_supplier) VALUES ('d9fd3c9a-70c0-4675-9693-50dcbdfe7c80','Kirk','Bernier','228-497-2152','KirkBBernier@dayrep.com','3831 Kelley Road, Pascagoula',TRUE,FALSE,FALSE);
INSERT INTO peoples(id,first_name,last_name,phone,email,address,is_employee,is_customer,is_supplier) VALUES ('37a9df9d-4594-4cdb-8857-144700911821','Gordon','Henry','703-392-0009','GordonHHenry@teleworm.us','4323 Golf Course Drive, Manassas',FALSE,FALSE,TRUE);
INSERT INTO peoples(id,first_name,last_name,phone,email,address,is_employee,is_customer,is_supplier) VALUES ('b51f3eff-91d4-4376-8fa0-fdb228765596','Julio','Fischer','724-863-8004','JulioSFischer@superrito.com','2570 Spruce Drive, Irwin',FALSE,FALSE,TRUE);
INSERT INTO peoples(id,first_name,last_name,phone,email,address,is_employee,is_customer,is_supplier) VALUES ('9471caed-8269-420f-8751-97c1d0cf72b7','Catherine','Luke','650-852-1317','CatherineWLuke@gustr.com','615 Duck Creek Road, Palo Alto',FALSE,FALSE,TRUE);
INSERT INTO peoples(id,first_name,last_name,phone,email,address,is_employee,is_customer,is_supplier) VALUES ('0fc6cfd5-61f7-427c-b72e-aa152b56b024','Thomas','Heck','781-505-3265','ThomasJHeck@cuvox.de','1671 Stanton Hollow Road, Burlington',FALSE,FALSE,TRUE);
INSERT INTO peoples(id,first_name,last_name,phone,email,address,is_employee,is_customer,is_supplier) VALUES ('b5e94f0b-a2bb-4595-a0de-19bd6e7fcedb','Beverly','Crabtree','606-677-1731','BeverlyLCrabtree@einrot.com','43 Straford Park, Somerset',FALSE,FALSE,TRUE);
INSERT INTO peoples(id,first_name,last_name,phone,email,address,is_employee,is_customer,is_supplier) VALUES ('cf2f5ecc-2c60-456e-8664-e2386293a044','Dennis','Watts','562-883-6103','DennisWatts@armyspy.com','2598 Kerry Way, Burbank',FALSE,TRUE,FALSE);
INSERT INTO peoples(id,first_name,last_name,phone,email,address,is_employee,is_customer,is_supplier) VALUES ('07d9f392-6729-45cc-a749-cd3fd93d1e75','David','Briscoe','620-708-8226','DavidABriscoe@fleckens.hu','4106 Ridge Road, Wichita',FALSE,TRUE,FALSE);
INSERT INTO peoples(id,first_name,last_name,phone,email,address,is_employee,is_customer,is_supplier) VALUES ('046bf111-4f0e-4f7a-9450-1403140e8f74','Margarita','isSup isEmp is Cust','301-458-9640','MargaritaRCabral@cuvox.de','1191 Cost Avenue, Washington',TRUE,TRUE,TRUE);
INSERT INTO peoples(id,first_name,last_name,phone,email,address,is_employee,is_customer,is_supplier) VALUES ('643279f4-eef3-4f98-9f61-38d58bdfcd4a','Buddy','Stuart','678-686-8554','BuddyJStuart@dayrep.com','4438 Kuhl Avenue, Atlanta',FALSE,TRUE,FALSE);
INSERT INTO peoples(id,first_name,last_name,phone,email,address,is_employee,is_customer,is_supplier) VALUES ('cc3cd4a8-4f73-4c25-b69a-51a916ae12b7','David','Thomas','505-443-2048','DavidLThomas@fleckens.hu','3161 Waterview Lane, Alamogordo',FALSE,TRUE,FALSE);
INSERT INTO peoples(id,first_name,last_name,phone,email,address,is_employee,is_customer,is_supplier) VALUES ('5a620628-2dec-4922-8ee5-83476cf86529','Catherine','Bales','720-226-9123','CatherineWBales@jourrapide.com','1788 Snider Street, Englewood',FALSE,TRUE,FALSE);
INSERT INTO peoples(id,first_name,last_name,phone,email,address,is_employee,is_customer,is_supplier) VALUES ('e938420b-9e92-4527-8e7d-151227ec6c50','Sherry','Hazzard','254-640-2657','SherryCHazzard@cuvox.de','2055 Clair Street, Waco',FALSE,TRUE,FALSE);
INSERT INTO peoples(id,first_name,last_name,phone,email,address,is_employee,is_customer,is_supplier) VALUES ('01e959b0-6ae8-4763-bbd6-eb3eae209da1','Jerry','Dean','786-433-7515','JerryMDean@superrito.com','3829 Rinehart Road, Miami',FALSE,TRUE,FALSE);
INSERT INTO peoples(id,first_name,last_name,phone,email,address,is_employee,is_customer,is_supplier) VALUES ('f4f4eeba-71b1-4a68-b011-7929cebdd999','Leif','Wheeler','925-716-4263','LeifPWheeler@teleworm.us','3114 Beech Street, Oakland',FALSE,TRUE,FALSE);
INSERT INTO peoples(id,first_name,last_name,phone,email,address,is_employee,is_customer,is_supplier) VALUES ('4331f1a3-584f-4da7-ba73-d6f1c49d798d','Dennis','Larocque','562-982-5741','DennisTLarocque@jourrapide.com','254 Pin Oak Drive, Long Beach',FALSE,TRUE,FALSE);
INSERT INTO peoples(id,first_name,last_name,phone,email,address,is_employee,is_customer,is_supplier) VALUES ('fdc9a5f0-3e3f-47f1-a81f-4f1feb74eb81','Tanya','Booker','812-849-6619','TanyaDBooker@einrot.com','1604 Stratford Park, Mitchell',FALSE,TRUE,FALSE);
INSERT INTO peoples(id,first_name,last_name,phone,email,address,is_employee,is_customer,is_supplier) VALUES ('e08a1a1e-9a8b-495b-be17-483f14387013','Carl','Lark','864-328-0103','CarlKLark@rhyta.com','1761 Deer Haven Drive, Greenville',FALSE,TRUE,FALSE);
INSERT INTO peoples(id,first_name,last_name,phone,email,address,is_employee,is_customer,is_supplier) VALUES ('2f553d40-e059-432a-a1a5-80252ccab5a8','Joseph','Frase','907-792-4521','JosephJFrase@teleworm.us','4118 Kidd Avenue, Anchorage',FALSE,TRUE,FALSE);
INSERT INTO peoples(id,first_name,last_name,phone,email,address,is_employee,is_customer,is_supplier) VALUES ('d448aab3-9960-4947-9673-e19dfbeb6a81','Juanita','Hague','914-969-6830','JuanitaDHague@dayrep.com','4518 Ward Road, Yonkers',FALSE,TRUE,FALSE);
INSERT INTO peoples(id,first_name,last_name,phone,email,address,is_employee,is_customer,is_supplier) VALUES ('218be51c-4445-41f7-b353-20a1357ccf30','Carol','Hughes','605-820-9275','CarolCHughes@gustr.com','1795 Hartway Street, Mound City',FALSE,TRUE,FALSE);
INSERT INTO peoples(id,first_name,last_name,phone,email,address,is_employee,is_customer,is_supplier) VALUES ('7b4626c5-f28e-4538-a22e-e4562b987e0b','Russel','Pierce','325-212-4756','RusselEPierce@dayrep.com','3795 Felosa Drive, San Angelo',FALSE,TRUE,FALSE);

INSERT INTO employees(id,people_id,position,salary,note) VALUES ('11f7430c-4662-11e9-b210-d663bd873d93','b3d047c9-8b30-4fac-8ec2-1131f6fed320','hostess',1200,'until june');
INSERT INTO employees(id,people_id,position,salary,note) VALUES ('11f74654-4662-11e9-b210-d663bd873d93','32ce322c-6647-46a8-991c-d8731ac23a68','skipper',2400,'like Skopelos');
INSERT INTO employees(id,people_id,position,salary,note) VALUES ('11f748b6-4662-11e9-b210-d663bd873d93','d9fd3c9a-70c0-4675-9693-50dcbdfe7c80','mechanic',2000,'smoker');

INSERT INTO equipments(id,boat_id,item,last_checked_date,serial_number) VALUES ('cca800ce-4662-11e9-b210-d663bd873d93','0767aaf6-464b-11e9-b210-d663bd873d93','Outboard engine','05.03.2019','123456');
INSERT INTO equipments(id,boat_id,item,last_checked_date,serial_number) VALUES ('cca803bc-4662-11e9-b210-d663bd873d93','0767ac4a-464b-11e9-b210-d663bd873d93','Safety raft','01.12.2018','ASD112568');
INSERT INTO equipments(id,boat_id,item,last_checked_date,serial_number) VALUES ('cca80786-4662-11e9-b210-d663bd873d93','0767adb2-464b-11e9-b210-d663bd873d93','Radar','07.07.2018','8951551564');
INSERT INTO equipments(id,boat_id,item,last_checked_date,serial_number) VALUES ('cca80920-4662-11e9-b210-d663bd873d93','0767b028-464b-11e9-b210-d663bd873d93','Spinnaker boom','08.08.2018','n/a');
INSERT INTO equipments(id,boat_id,item,last_checked_date,serial_number) VALUES ('cca80a88-4662-11e9-b210-d663bd873d93','0767b3d4-464b-11e9-b210-d663bd873d93','Solar panel','20.08.2017','4545SDF555');

INSERT INTO directions(id,destination,distance,period,price) VALUES ('f78f6588-4659-11e9-b210-d663bd873d93','Zakintos',120,7,100);
INSERT INTO directions(id,destination,distance,period,price) VALUES ('f78f688a-4659-11e9-b210-d663bd873d93','Santorini',240,14,200);
INSERT INTO directions(id,destination,distance,period,price) VALUES ('f78f6a7e-4659-11e9-b210-d663bd873d93','Milos',200,10,150);
INSERT INTO directions(id,destination,distance,period,price) VALUES ('f78f6c40-4659-11e9-b210-d663bd873d93','Tassos',50,7,100);
INSERT INTO directions(id,destination,distance,period,price) VALUES ('f78f6db2-4659-11e9-b210-d663bd873d93','Mikonos',150,7,120);
INSERT INTO directions(id,destination,distance,period,price) VALUES ('f78f6f10-4659-11e9-b210-d663bd873d93','Skiatos',130,10,110);
INSERT INTO directions(id,destination,distance,period,price) VALUES ('f78f706e-4659-11e9-b210-d663bd873d93','Alonisoss',145,7,150);
INSERT INTO directions(id,destination,distance,period,price) VALUES ('f78f758c-4659-11e9-b210-d663bd873d93','Skopelos',150,10,260);
INSERT INTO directions(id,destination,distance,period,price) VALUES ('f78f7708-4659-11e9-b210-d663bd873d93','Samotraki',190,14,350);
INSERT INTO directions(id,destination,distance,period,price) VALUES ('f78f791a-4659-11e9-b210-d663bd873d93','Limnos',200,14,300);

INSERT INTO repairs(id,boat_id,start_date,end_date,price,note,supplier_id,repair_type) VALUES ('7d0d6a2a-4664-11e9-b210-d663bd873d93','0767a1fa-464b-11e9-b210-d663bd873d93','01.01.2018','05.01.2018',100,'Mast','37a9df9d-4594-4cdb-8857-144700911821','Planned');
INSERT INTO repairs(id,boat_id,start_date,end_date,price,note,supplier_id,repair_type) VALUES ('7d0d7038-4664-11e9-b210-d663bd873d93','0767a34e-464b-11e9-b210-d663bd873d93','01.02.2018','03.02.2018',80,'Main sail','b51f3eff-91d4-4376-8fa0-fdb228765596','Emergency');
INSERT INTO repairs(id,boat_id,start_date,end_date,price,note,supplier_id,repair_type) VALUES ('7d0d71d2-4664-11e9-b210-d663bd873d93','0767a826-464b-11e9-b210-d663bd873d93','01.03.2018','01.03.2018',240,'Annual check','9471caed-8269-420f-8751-97c1d0cf72b7','Planned');
INSERT INTO repairs(id,boat_id,start_date,end_date,price,note,supplier_id,repair_type) VALUES ('7d0d733a-4664-11e9-b210-d663bd873d93','0767a9a2-464b-11e9-b210-d663bd873d93','01.04.2018','10.04.2008',3200,'Keel','0fc6cfd5-61f7-427c-b72e-aa152b56b024','Emergency');

INSERT INTO charters(id,boat_id,people_id,direction_id,start_date,price) VALUES ('63d3ec80-4666-11e9-b210-d663bd873d93','07678800-464b-11e9-b210-d663bd873d93','5a620628-2dec-4922-8ee5-83476cf86529','f78f6588-4659-11e9-b210-d663bd873d93','03.04.2018',3500);
INSERT INTO charters(id,boat_id,people_id,direction_id,start_date,price) VALUES ('63d3effa-4666-11e9-b210-d663bd873d93','07678bfc-464b-11e9-b210-d663bd873d93','e938420b-9e92-4527-8e7d-151227ec6c50','f78f688a-4659-11e9-b210-d663bd873d93','10.04.2018',2500);
INSERT INTO charters(id,boat_id,people_id,direction_id,start_date,price) VALUES ('63d3f73e-4666-11e9-b210-d663bd873d93','07678e40-464b-11e9-b210-d663bd873d93','01e959b0-6ae8-4763-bbd6-eb3eae209da1','f78f6a7e-4659-11e9-b210-d663bd873d93','05.08.2018',1280);
INSERT INTO charters(id,boat_id,people_id,direction_id,start_date,price) VALUES ('63d3fa0e-4666-11e9-b210-d663bd873d93','07678fe4-464b-11e9-b210-d663bd873d93','f4f4eeba-71b1-4a68-b011-7929cebdd999','f78f6c40-4659-11e9-b210-d663bd873d93','06.08.2018',2360);
INSERT INTO charters(id,boat_id,people_id,direction_id,start_date,price) VALUES ('63d3fce8-4666-11e9-b210-d663bd873d93','0767914c-464b-11e9-b210-d663bd873d93','4331f1a3-584f-4da7-ba73-d6f1c49d798d','f78f6db2-4659-11e9-b210-d663bd873d93','09.07.2018',2000);
INSERT INTO charters(id,boat_id,people_id,direction_id,start_date,price) VALUES ('63d3ff72-4666-11e9-b210-d663bd873d93','076797d2-464b-11e9-b210-d663bd873d93','fdc9a5f0-3e3f-47f1-a81f-4f1feb74eb81','f78f6f10-4659-11e9-b210-d663bd873d93','10.06.2018',2100);



# http://convertcsv.com/csv-to-sql.htm