# http://convertcsv.com/csv-to-sql.htm


INSERT INTO boats(id,producer,model,name,cabins,toilets,draft,water_tank,fuel_tank,last_checked_date,price) VALUES ('07678bfc-464b-11e9-b210-d663bd873d93','Bavaria','42','Himera',4,2,1.8,180,150,'03.11.2018',1400);
INSERT INTO boats(id,producer,model,name,cabins,toilets,draft,water_tank,fuel_tank,last_checked_date,price) VALUES ('07678800-464b-11e9-b210-d663bd873d93','Bavaria','35','Assante',3,1,'1.6',120,80,'2018-11-02',1200);
INSERT INTO boats(id,producer,model,name,cabins,toilets,draft,water_tank,fuel_tank,last_checked_date,price) VALUES ('07678e40-464b-11e9-b210-d663bd873d93','Benetau','50.5 Ciclades','Oceanis',5,4,2,240,200,'05.10.2017',2000);
INSERT INTO boats(id,producer,model,name,cabins,toilets,draft,water_tank,fuel_tank,last_checked_date,price) VALUES ('07678fe4-464b-11e9-b210-d663bd873d93','Jeanneau','39','Escape',4,2,1.6,120,120,'01.01.2019',1800);
INSERT INTO boats(id,producer,model,name,cabins,toilets,draft,water_tank,fuel_tank,last_checked_date,price) VALUES ('0767914c-464b-11e9-b210-d663bd873d93','Gip Sea','Duffor 372','Andromeda',3,1,1.8,180,130,'10.02.2019',2200);
INSERT INTO boats(id,producer,model,name,cabins,toilets,draft,water_tank,fuel_tank,last_checked_date,price) VALUES ('076797d2-464b-11e9-b210-d663bd873d93','Hallberg Rassy','41','Milena',4,2,2,240,150,'05.03.2019',1500);
INSERT INTO boats(id,producer,model,name,cabins,toilets,draft,water_tank,fuel_tank,last_checked_date,price) VALUES ('07679b24-464b-11e9-b210-d663bd873d93','Bavaria','50','Evil Woman',5,5,2.2,250,180,'01.12.2018',1650);
INSERT INTO boats(id,producer,model,name,cabins,toilets,draft,water_tank,fuel_tank,last_checked_date,price) VALUES ('07679ca0-464b-11e9-b210-d663bd873d93','Bavaria','58','Pretty Lady',4,4,1.8,220,250,'07.07.2018',2000);
INSERT INTO boats(id,producer,model,name,cabins,toilets,draft,water_tank,fuel_tank,last_checked_date,price) VALUES ('07679df4-464b-11e9-b210-d663bd873d93','Elan','40','Ipsipili',4,2,2,215,120,'08.08.2018',1500);
INSERT INTO boats(id,producer,model,name,cabins,toilets,draft,water_tank,fuel_tank,last_checked_date,price) VALUES ('07679f48-464b-11e9-b210-d663bd873d93','Benetau','46','Alexandria',4,2,1.6,120,150,'20.08.2017',1200);
INSERT INTO boats(id,producer,model,name,cabins,toilets,draft,water_tank,fuel_tank,last_checked_date,price) VALUES ('0767a09c-464b-11e9-b210-d663bd873d93','Jeanneau','48','Eden',4,2,1.8,180,200,'25.04.2017',1400);
INSERT INTO boats(id,producer,model,name,cabins,toilets,draft,water_tank,fuel_tank,last_checked_date,price) VALUES ('0767a1fa-464b-11e9-b210-d663bd873d93','Gip Sea','42','Pink Flamingo',4,2,2,240,120,'31.07.2018',2000);
INSERT INTO boats(id,producer,model,name,cabins,toilets,draft,water_tank,fuel_tank,last_checked_date,price) VALUES ('0767a34e-464b-11e9-b210-d663bd873d93','Hallberg Rassy','40','Queen',4,2,1.8,250,130,'09.09.2018',1800);
INSERT INTO boats(id,producer,model,name,cabins,toilets,draft,water_tank,fuel_tank,last_checked_date,price) VALUES ('0767a826-464b-11e9-b210-d663bd873d93','Bavaria','38','Iliyana',3,2,1.8,220,150,'05.02.2016',2200);
INSERT INTO boats(id,producer,model,name,cabins,toilets,draft,water_tank,fuel_tank,last_checked_date,price) VALUES ('0767a9a2-464b-11e9-b210-d663bd873d93','Benetau','38','Joy',2,1,1.6,215,180,'02.04.2018',1500);
INSERT INTO boats(id,producer,model,name,cabins,toilets,draft,water_tank,fuel_tank,last_checked_date,price) VALUES ('0767aaf6-464b-11e9-b210-d663bd873d93','Jeanneau','40','Maria Joanna',4,2,1.8,120,250,'31.12.2018',1650);
INSERT INTO boats(id,producer,model,name,cabins,toilets,draft,water_tank,fuel_tank,last_checked_date,price) VALUES ('0767ac4a-464b-11e9-b210-d663bd873d93','Gip Sea','40','Sofia',4,2,2,180,120,'25.12.2017',2000);
INSERT INTO boats(id,producer,model,name,cabins,toilets,draft,water_tank,fuel_tank,last_checked_date,price) VALUES ('0767adb2-464b-11e9-b210-d663bd873d93','Hallberg Rassy','44','Dara',5,3,1.6,240,130,'22.11.2018',1500);
INSERT INTO boats(id,producer,model,name,cabins,toilets,draft,water_tank,fuel_tank,last_checked_date,price) VALUES ('0767b028-464b-11e9-b210-d663bd873d93','Elan','46','Future',4,2,1.8,250,150,'23.05.2018',1400);
INSERT INTO boats(id,producer,model,name,cabins,toilets,draft,water_tank,fuel_tank,last_checked_date,price) VALUES ('0767b3d4-464b-11e9-b210-d663bd873d93','Benetau','50','Fortuna',5,3,2,220,180,'24.07.2018',2000);

INSERT INTO peoples(id,first_name,last_name,phone,email,address,type) VALUES ('b3d047c9-8b30-4fac-8ec2-1131f6fed320','Stella','Cavallo','218-693-0075','StellaBCavallo@gustr.com','3813 Eagle Lane, East Grand Forks','Employee');
INSERT INTO peoples(id,first_name,last_name,phone,email,address,type) VALUES ('32ce322c-6647-46a8-991c-d8731ac23a68','William','Hall','661-817-2650','WilliamNHall@gustr.com','2299 Gateway Avenue, Bakersfield','Employee');
INSERT INTO peoples(id,first_name,last_name,phone,email,address,type) VALUES ('d9fd3c9a-70c0-4675-9693-50dcbdfe7c80','Kirk','Bernier','228-497-2152','KirkBBernier@dayrep.com','3831 Kelley Road, Pascagoula','Employee');
INSERT INTO peoples(id,first_name,last_name,phone,email,address,type) VALUES ('37a9df9d-4594-4cdb-8857-144700911821','Gordon','Henry','703-392-0009','GordonHHenry@teleworm.us','4323 Golf Course Drive, Manassas','Customer');
INSERT INTO peoples(id,first_name,last_name,phone,email,address,type) VALUES ('b51f3eff-91d4-4376-8fa0-fdb228765596','Julio','Fischer','724-863-8004','JulioSFischer@superrito.com','2570 Spruce Drive, Irwin','Customer');
INSERT INTO peoples(id,first_name,last_name,phone,email,address,type) VALUES ('9471caed-8269-420f-8751-97c1d0cf72b7','Catherine','Luke','650-852-1317','CatherineWLuke@gustr.com','615 Duck Creek Road, Palo Alto','Customer');
INSERT INTO peoples(id,first_name,last_name,phone,email,address,type) VALUES ('0fc6cfd5-61f7-427c-b72e-aa152b56b024','Thomas','Heck','781-505-3265','ThomasJHeck@cuvox.de','1671 Stanton Hollow Road, Burlington','Customer');
INSERT INTO peoples(id,first_name,last_name,phone,email,address,type) VALUES ('b5e94f0b-a2bb-4595-a0de-19bd6e7fcedb','Beverly','Crabtree','606-677-1731','BeverlyLCrabtree@einrot.com','43 Straford Park, Somerset','Customer');
INSERT INTO peoples(id,first_name,last_name,phone,email,address,type) VALUES ('cf2f5ecc-2c60-456e-8664-e2386293a044','David','Watts','562-883-6103','DavidMWatts@armyspy.com','2598 Kerry Way, Burbank','Customer');
INSERT INTO peoples(id,first_name,last_name,phone,email,address,type) VALUES ('07d9f392-6729-45cc-a749-cd3fd93d1e75','David','Briscoe','620-708-8226','DavidABriscoe@fleckens.hu','4106 Ridge Road, Wichita','Customer');
INSERT INTO peoples(id,first_name,last_name,phone,email,address,type) VALUES ('046bf111-4f0e-4f7a-9450-1403140e8f74','Margarita','Cabral','301-458-9640','MargaritaRCabral@cuvox.de','1191 Cost Avenue, Washington','Customer');
INSERT INTO peoples(id,first_name,last_name,phone,email,address,type) VALUES ('643279f4-eef3-4f98-9f61-38d58bdfcd4a','Buddy','Stuart','678-686-8554','BuddyJStuart@dayrep.com','4438 Kuhl Avenue, Atlanta','Customer');
INSERT INTO peoples(id,first_name,last_name,phone,email,address,type) VALUES ('cc3cd4a8-4f73-4c25-b69a-51a916ae12b7','David','Thomas','505-443-2048','DavidLThomas@fleckens.hu','3161 Waterview Lane, Alamogordo','Customer');
INSERT INTO peoples(id,first_name,last_name,phone,email,address,type) VALUES ('5a620628-2dec-4922-8ee5-83476cf86529','Catherine','Bales','720-226-9123','CatherineWBales@jourrapide.com','1788 Snider Street, Englewood','Customer');
INSERT INTO peoples(id,first_name,last_name,phone,email,address,type) VALUES ('e938420b-9e92-4527-8e7d-151227ec6c50','Sherry','Hazzard','254-640-2657','SherryCHazzard@cuvox.de','2055 Clair Street, Waco','Customer');
INSERT INTO peoples(id,first_name,last_name,phone,email,address,type) VALUES ('01e959b0-6ae8-4763-bbd6-eb3eae209da1','Jerry','Dean','786-433-7515','JerryMDean@superrito.com','3829 Rinehart Road, Miami','Customer');
INSERT INTO peoples(id,first_name,last_name,phone,email,address,type) VALUES ('f4f4eeba-71b1-4a68-b011-7929cebdd999','Leif','Wheeler','925-716-4263','LeifPWheeler@teleworm.us','3114 Beech Street, Oakland','Customer');
INSERT INTO peoples(id,first_name,last_name,phone,email,address,type) VALUES ('4331f1a3-584f-4da7-ba73-d6f1c49d798d','Dennis','Larocque','562-982-5741','DennisTLarocque@jourrapide.com','254 Pin Oak Drive, Long Beach','Customer');
INSERT INTO peoples(id,first_name,last_name,phone,email,address,type) VALUES ('fdc9a5f0-3e3f-47f1-a81f-4f1feb74eb81','Tanya','Booker','812-849-6619','TanyaDBooker@einrot.com','1604 Stratford Park, Mitchell','Customer');
INSERT INTO peoples(id,first_name,last_name,phone,email,address,type) VALUES ('e08a1a1e-9a8b-495b-be17-483f14387013','Carl','Lark','864-328-0103','CarlKLark@rhyta.com','1761 Deer Haven Drive, Greenville','Customer');
INSERT INTO peoples(id,first_name,last_name,phone,email,address,type) VALUES ('2f553d40-e059-432a-a1a5-80252ccab5a8','Joseph','Frase','907-792-4521','JosephJFrase@teleworm.us','4118 Kidd Avenue, Anchorage','Customer');
INSERT INTO peoples(id,first_name,last_name,phone,email,address,type) VALUES ('d448aab3-9960-4947-9673-e19dfbeb6a81','Juanita','Hague','914-969-6830','JuanitaDHague@dayrep.com','4518 Ward Road, Yonkers','Customer');
INSERT INTO peoples(id,first_name,last_name,phone,email,address,type) VALUES ('218be51c-4445-41f7-b353-20a1357ccf30','Carol','Hughes','605-820-9275','CarolCHughes@gustr.com','1795 Hartway Street, Mound City','Customer');
INSERT INTO peoples(id,first_name,last_name,phone,email,address,type) VALUES ('7b4626c5-f28e-4538-a22e-e4562b987e0b','Russel','Pierce','325-212-4756','RusselEPierce@dayrep.com','3795 Felosa Drive, San Angelo','Customer');
INSERT INTO peoples(id,first_name,last_name,phone,email,address,type) VALUES ('40250966-15d1-414d-afe4-60c30b9886fb','Justin','Rivera','605-995-2430','JustinDRivera@fleckens.hu','2168 Leroy Lane, Mitchell','Customer');
INSERT INTO peoples(id,first_name,last_name,phone,email,address,type) VALUES ('e4fb700d-4980-40bc-930d-a4cf408f0a26','William','Sears','989-724-8916','WilliamSSears@einrot.com','229 Ripple Street, Harrisville','Customer');
INSERT INTO peoples(id,first_name,last_name,phone,email,address,type) VALUES ('8c207599-26f6-4d0e-868c-f08475f5a801','William','Robinson','815-214-7816','WilliamBRobinson@teleworm.us','1963 Custer Street, Chicago','Customer');
INSERT INTO peoples(id,first_name,last_name,phone,email,address,type) VALUES ('6c99d592-89c7-447f-ba0a-4ca33a2c0e7f','Gary','Smith','208-944-5865','GarySSmith@armyspy.com','2871 Maple Avenue, Pocatello','Customer');
INSERT INTO peoples(id,first_name,last_name,phone,email,address,type) VALUES ('c51f1bd2-4a14-4e71-ac46-92a103659734','Audrey','Skinner','810-798-9116','AudreyRSkinner@gustr.com','4960 Tuna Street, Almont','Customer');
INSERT INTO peoples(id,first_name,last_name,phone,email,address,type) VALUES ('5e6fa33b-968d-41b5-9af5-1c3bde9af722','Kristen','Reyes','518-207-5840','KristenMReyes@einrot.com','2359 Ben Street, Albany','Customer');
INSERT INTO peoples(id,first_name,last_name,phone,email,address,type) VALUES ('c8741b9e-76f3-4cd7-885b-974b9127eacf','Dolores','Girard','704-575-8079','DoloresCGirard@superrito.com','584 Concord Street, Matthews','Customer');
INSERT INTO peoples(id,first_name,last_name,phone,email,address,type) VALUES ('a92a99d9-4264-4991-bbdb-c71e1cf1e534','Charles','Nichols','812-567-2768','CharlesANichols@teleworm.us','4060 Neville Street, Tennyson','Customer');
INSERT INTO peoples(id,first_name,last_name,phone,email,address,type) VALUES ('58da6d60-defd-4b66-b783-d2db94070ada','Jack','Edwards','509-896-0472','JackMEdwards@rhyta.com','2412 Melrose Street, Bickleton','Customer');
INSERT INTO peoples(id,first_name,last_name,phone,email,address,type) VALUES ('c0f5bfa2-cdd2-445c-858b-b67fa567d5fb','Thomas','Arredondo','251-662-4361','ThomasAArredondo@dayrep.com','1614 Lonely Oak Drive, Mobile','Customer');
INSERT INTO peoples(id,first_name,last_name,phone,email,address,type) VALUES ('81eba6f7-5570-4652-9948-9884855cbd8b','Angelia','James','904-728-3191','AngeliaRJames@superrito.com','4058 Brannon Avenue, Jacksonville','Customer');
INSERT INTO peoples(id,first_name,last_name,phone,email,address,type) VALUES ('9448f1d0-c591-42ad-a0df-9be036c97d42','Wilbur','Morris','256-490-6041','WilburKMorris@jourrapide.com','1741 Maple Lane, Birmingham','Customer');
INSERT INTO peoples(id,first_name,last_name,phone,email,address,type) VALUES ('ff911e4b-13d4-4198-b529-54eeccb0ecea','Jerry','Wolfe','703-594-7429','JerryMWolfe@jourrapide.com','3284 Cabell Avenue, Nokesville','Customer');
INSERT INTO peoples(id,first_name,last_name,phone,email,address,type) VALUES ('b18d6c90-16c4-4b1e-ba94-0494d11b58b1','Stella','Borchardt','413-539-0852','StellaJBorchardt@teleworm.us','4367 Kinney Street, Holyoke','Customer');
INSERT INTO peoples(id,first_name,last_name,phone,email,address,type) VALUES ('beb91eb2-1e5a-4648-82ca-0f6d91bb0cca','Samuel','Marshall','714-415-3834','SamuelRMarshall@jourrapide.com','48 Maple Street, Irvine','Customer');
INSERT INTO peoples(id,first_name,last_name,phone,email,address,type) VALUES ('a5aaf0b1-72c0-4766-97b6-3c2d92f77247','Steven','Letellier','501-383-2424','StevenMLetellier@superrito.com','1570 Mulberry Avenue, Lake Village','Customer');
INSERT INTO peoples(id,first_name,last_name,phone,email,address,type) VALUES ('049afe4d-202c-4e3e-90e7-c33aa95c7681','Jonathan','Scaggs','435-590-0402','JonathanEScaggs@rhyta.com','3967 Austin Secret Lane, Cedar City','Customer');
INSERT INTO peoples(id,first_name,last_name,phone,email,address,type) VALUES ('bde02c6a-8c82-45fb-b542-8f03dbe7b2d7','Martha','Bailey','773-301-0254','MarthaWBailey@superrito.com','4864 Oakmound Road, Arlington Heights','Customer');
INSERT INTO peoples(id,first_name,last_name,phone,email,address,type) VALUES ('5fce206f-0cab-4d92-86c5-b8e4e06d3a6f','Ann','Rooks','512-983-9351','AnnLRooks@gustr.com','2780 Short Street, Austin','Customer');
INSERT INTO peoples(id,first_name,last_name,phone,email,address,type) VALUES ('58817c24-b8a0-4ba9-976f-6b6145e9d67a','Raymond','Johnson','978-480-6439','RaymondGJohnson@armyspy.com','1968 Joanne Lane, South Boston','Customer');
INSERT INTO peoples(id,first_name,last_name,phone,email,address,type) VALUES ('5aa13bea-f78b-4243-8a0f-99a473bbbdf9','Stephanie','Smith','304-453-3905','StephanieDSmith@superrito.com','1699 Fulton Street, Huntington','Customer');
INSERT INTO peoples(id,first_name,last_name,phone,email,address,type) VALUES ('e17065ef-e280-446e-a653-4ab93395e427','Kevin','Snyder','740-464-9963','KevinRSnyder@armyspy.com','1563 Irving Road, Portsmouth','Customer');
INSERT INTO peoples(id,first_name,last_name,phone,email,address,type) VALUES ('f3e8bfb9-014d-4f60-b4cd-6b20f52e530e','Marie','Johnson','931-526-5392','MarieSJohnson@dayrep.com','3002 Chenoweth Drive, Cookeville','Customer');
INSERT INTO peoples(id,first_name,last_name,phone,email,address,type) VALUES ('7a4568d2-3105-48ba-be6c-fc24e0cba3a0','Betty','Barnett','954-530-9621','BettyGBarnett@teleworm.us','3288 Kenwood Place, Pompano Beach','Customer');
INSERT INTO peoples(id,first_name,last_name,phone,email,address,type) VALUES ('a929cdac-fa0e-45e2-9965-9d45ad6f95e1','Edward','Do','615-923-5530','EdwardKDo@einrot.com','1790 Buffalo Creek Road, Nashville','Customer');
INSERT INTO peoples(id,first_name,last_name,phone,email,address,type) VALUES ('7434bf63-ec4a-47d9-838f-ad422ff60c60','Randall','Moore','757-819-7824','RandallMMoore@jourrapide.com','2366 Jefferson Street, Chesapeake','Customer');
INSERT INTO peoples(id,first_name,last_name,phone,email,address,type) VALUES ('1b8c8b74-7c7c-4a7c-9a75-554bf00b669f','Lisa','Collier','828-489-0123','LisaECollier@cuvox.de','3279 Diamond Street, Asheville','Customer');
INSERT INTO peoples(id,first_name,last_name,phone,email,address,type) VALUES ('7149ca72-4db1-46c1-87d1-4767a87cf52b','Pedro','Brumit','917-841-9049','PedroPBrumit@rhyta.com','664 Settlers Lane, West Nyack','Customer');
INSERT INTO peoples(id,first_name,last_name,phone,email,address,type) VALUES ('5f01261b-abef-4cf7-ad25-d6688b72dbbe','James','Thompson','203-654-2095','JamesOThompson@rhyta.com','2379 Whitman Court, North Haven','Customer');
INSERT INTO peoples(id,first_name,last_name,phone,email,address,type) VALUES ('b6d0d0e0-bbfe-4364-a65b-65f890e84ba0','Steve','Lozano','832-541-9609','SteveCLozano@jourrapide.com','4644 Circle Drive, Houston','Customer');
INSERT INTO peoples(id,first_name,last_name,phone,email,address,type) VALUES ('1333f8ae-375a-450c-9bce-0308afc53a1a','Larry','Talmage','606-386-4517','LarryDTalmage@gustr.com','1849 Meadowcrest Lane, Pittsburg','Customer');
INSERT INTO peoples(id,first_name,last_name,phone,email,address,type) VALUES ('946cd617-4edf-432f-b514-d7f403cfe78d','Darcy','Simpson','304-287-8324','DarcyGSimpson@jourrapide.com','246 Froe Street, Worthington','Customer');
INSERT INTO peoples(id,first_name,last_name,phone,email,address,type) VALUES ('0a835606-6dd9-4d65-ad4e-fdaa076c2b4d','Rebecca','Gladney','615-822-0287','RebeccaJGladney@superrito.com','2634 Buffalo Creek Road, Hendersonville','Customer');
INSERT INTO peoples(id,first_name,last_name,phone,email,address,type) VALUES ('d396c8aa-4eab-479a-aefd-53dcf7f6ad72','Bethany','Patton','805-249-8156','BethanyJPatton@fleckens.hu','2300 Euclid Avenue, San Luis Obispo','Customer');
INSERT INTO peoples(id,first_name,last_name,phone,email,address,type) VALUES ('cf7de1a8-2051-4642-a4d7-deba57d6e1a4','Karen','Wright','410-885-4212','KarenCWright@superrito.com','2430 Marie Street, Chesapeake City','Customer');
INSERT INTO peoples(id,first_name,last_name,phone,email,address,type) VALUES ('c00134d9-d18b-4ac1-842b-09ca8b3429c3','Erica','Powell','228-388-6125','EricaWPowell@superrito.com','2780 Kelley Road, Biloxi','Customer');
INSERT INTO peoples(id,first_name,last_name,phone,email,address,type) VALUES ('88cd71a6-8f14-45ec-8e4d-187dab183dbd','Esmeralda','Wilson','580-239-7004','EsmeraldaSWilson@rhyta.com','946 Luke Lane, Durant','Customer');
INSERT INTO peoples(id,first_name,last_name,phone,email,address,type) VALUES ('8b231fb7-f996-4657-8553-28926d786e22','Scott','Counts','507-837-9650','ScottRCounts@armyspy.com','898 Pineview Drive, Waseca','Customer');
INSERT INTO peoples(id,first_name,last_name,phone,email,address,type) VALUES ('ec86a0b8-5eaf-4e8a-88ed-b97b68a8d70f','John','Fernandes','440-887-1300','JohnNFernandes@cuvox.de','222 Flynn Street, Parma','Customer');
INSERT INTO peoples(id,first_name,last_name,phone,email,address,type) VALUES ('a9563f55-9338-4073-8a95-af0f92c1e6c1','Rose','Shaw','810-740-2530','RoseCShaw@cuvox.de','2803 Perry Street, Southfield','Customer');
INSERT INTO peoples(id,first_name,last_name,phone,email,address,type) VALUES ('0539d0bb-c292-4f6b-9991-29a6f8e6717f','Dennis','Bodiford','732-628-3897','DennisPBodiford@teleworm.us','3521 Webster Street, New Brunswick','Customer');
INSERT INTO peoples(id,first_name,last_name,phone,email,address,type) VALUES ('d89399c7-e5c0-471d-bf1f-144250deb408','Elsa','Sheely','917-898-4235','ElsaASheely@cuvox.de','3245 Hoffman Avenue, New York','Customer');
INSERT INTO peoples(id,first_name,last_name,phone,email,address,type) VALUES ('37cc2c3b-76e6-4dc3-abb7-56b37d05f9c3','Kenneth','Worth','910-331-4630','KennethSWorth@rhyta.com','1831 Ray Court, Laurinburg','Customer');
INSERT INTO peoples(id,first_name,last_name,phone,email,address,type) VALUES ('d44881ff-c526-44f4-846a-fb5a350b5187','Ronald','Poland','615-786-2738','RonaldMPoland@cuvox.de','646 Buffalo Creek Road, Nashville','Customer');
INSERT INTO peoples(id,first_name,last_name,phone,email,address,type) VALUES ('5a09db0c-e877-4075-ae35-a898da6b3fa3','Mary','Walley','630-405-5730','MaryMWalley@fleckens.hu','4261 Fraggle Drive, Vernon Hills','Customer');
INSERT INTO peoples(id,first_name,last_name,phone,email,address,type) VALUES ('a5019431-5ccb-44e7-938e-645a49d185fe','Lucy','Spangler','303-988-5461','LucyRSpangler@dayrep.com','602 Tavern Place, Lakewood','Customer');
INSERT INTO peoples(id,first_name,last_name,phone,email,address,type) VALUES ('42fd3e7a-9d95-429c-942c-afe0f3a93f67','Richard','Reed','215-670-7205','RichardFReed@fleckens.hu','2606 Rocky Road, Philadelphia','Customer');
INSERT INTO peoples(id,first_name,last_name,phone,email,address,type) VALUES ('4fb99fe4-2b25-48a3-b115-33f3a60a02c3','Noreen','Velasco','732-691-8368','NoreenEVelasco@einrot.com','533 Duke Lane, Weehawken','Customer');
INSERT INTO peoples(id,first_name,last_name,phone,email,address,type) VALUES ('0591321a-58c5-47e2-923b-cf14d702c38d','George','Harris','903-255-9545','GeorgeDHarris@superrito.com','3145 Gladwell Street, Texarkana','Customer');
INSERT INTO peoples(id,first_name,last_name,phone,email,address,type) VALUES ('7570e53a-cc35-4ee3-9745-ea65345c42a8','Joshua','Snyder','252-945-7775','JoshuaTSnyder@cuvox.de','2237 Fort Street, Greenville','Customer');
INSERT INTO peoples(id,first_name,last_name,phone,email,address,type) VALUES ('79c08282-87e7-4a1c-84bc-60d3f62f7341','Daisy','Allison','215-833-4851','DaisyLAllison@teleworm.us','1263 Glen Falls Road, Eagleville','Customer');
INSERT INTO peoples(id,first_name,last_name,phone,email,address,type) VALUES ('bd2f3aa5-da3e-4602-8204-f666ab366490','Margaret','Leff','320-446-8803','MargaretMLeff@cuvox.de','4816 Brighton Circle Road, Osseo','Customer');
INSERT INTO peoples(id,first_name,last_name,phone,email,address,type) VALUES ('344901e2-eb28-41bb-8475-58e2d31fbbd2','Dennis','Donaldson','870-243-7532','DennisHDonaldson@fleckens.hu','2364 Arlington Avenue, Little Rock','Customer');
INSERT INTO peoples(id,first_name,last_name,phone,email,address,type) VALUES ('c2c3697e-ab9a-4974-b63d-c6aae33d22c5','John','Watkins','219-697-5552','JohnBWatkins@einrot.com','2777 Parrill Court, Chicago','Customer');
INSERT INTO peoples(id,first_name,last_name,phone,email,address,type) VALUES ('57c5f450-fc83-491c-9729-33aabe8948a9','Clarice','Jackson','515-967-0448','ClariceRJackson@dayrep.com','1180 Heavner Court, Altoona','Customer');
INSERT INTO peoples(id,first_name,last_name,phone,email,address,type) VALUES ('efd657ec-562e-4cba-9479-df83c8b5d260','Brian','Hall','217-222-3616','BrianAHall@fleckens.hu','1810 Cardinal Lane, Quincy','Customer');
INSERT INTO peoples(id,first_name,last_name,phone,email,address,type) VALUES ('cc3b9555-12b2-46ab-a20d-5ed9b98f2567','Gwendolyn','Trujillo','323-997-5678','GwendolynRTrujillo@einrot.com','4336 Felosa Drive, Mira Loma','Customer');
INSERT INTO peoples(id,first_name,last_name,phone,email,address,type) VALUES ('600a8ae7-4ee0-480b-9c2a-7ef6cb901bbb','Clarence','Gonzalez','704-294-9715','ClarenceCGonzalez@superrito.com','456 Red Dog Road, Charlotte','Customer');
INSERT INTO peoples(id,first_name,last_name,phone,email,address,type) VALUES ('309991ca-b9f7-473b-92e7-cdea364642d0','Joseph','Howell','270-376-6921','JosephSHowell@armyspy.com','4947 Glen Street, Wingo','Customer');
INSERT INTO peoples(id,first_name,last_name,phone,email,address,type) VALUES ('05e3ce11-94d2-4267-97a1-484554a89252','Marcus','Diaz','620-313-8699','MarcusCDiaz@fleckens.hu','1561 Roosevelt Road, Moundridge','Customer');
INSERT INTO peoples(id,first_name,last_name,phone,email,address,type) VALUES ('c5cbda48-9fb6-4bd8-8685-dada21d22a16','Peter','Durham','717-386-3652','PeterDDurham@teleworm.us','3982 Stout Street, Carlisle','Customer');
INSERT INTO peoples(id,first_name,last_name,phone,email,address,type) VALUES ('dc37ce8d-2ed6-4fb8-a19b-5b6fce450562','Bennett','Grant','270-670-7998','BennettJGrant@gustr.com','3929 Rowes Lane, Glasgow','Customer');
INSERT INTO peoples(id,first_name,last_name,phone,email,address,type) VALUES ('28ae63f1-2246-457e-8c55-839e1dffd555','Brian','Anthony','918-376-3383','BrianDAnthony@rhyta.com','1612 Hornor Avenue, Owasso','Customer');
INSERT INTO peoples(id,first_name,last_name,phone,email,address,type) VALUES ('d4c663f7-1567-4103-8cd8-2e1fd9ff3ba1','Treva','Carte','734-799-2315','TrevaCCarte@armyspy.com','2309 Eagle Drive, Farmington Hills','Customer');
INSERT INTO peoples(id,first_name,last_name,phone,email,address,type) VALUES ('64254caa-89c0-4c26-8f0e-fb18c715e302','Joseph','Brissette','601-450-9215','JosephKBrissette@rhyta.com','1162 Lena Lane, Hattiesburg','Customer');
INSERT INTO peoples(id,first_name,last_name,phone,email,address,type) VALUES ('14710a24-38b8-42f8-8f22-12b08f20f6ce','Joseph','Howard','570-298-2955','JosephRHoward@superrito.com','1917 Stoney Lonesome Road, Noxen','Customer');
INSERT INTO peoples(id,first_name,last_name,phone,email,address,type) VALUES ('07812431-cb34-4985-aaea-8d7a5c9f4830','Amy','Gordon','650-832-3944','AmyFGordon@einrot.com','4883 Duck Creek Road, San Jose','Customer');
INSERT INTO peoples(id,first_name,last_name,phone,email,address,type) VALUES ('fb875a5e-f163-49fa-a36e-05eaa8c402a9','Carla','Miller','954-535-2707','CarlaMMiller@gustr.com','4731 Kenwood Place, Fort Lauderdale','Customer');
INSERT INTO peoples(id,first_name,last_name,phone,email,address,type) VALUES ('2aafb35b-0191-40d4-9f12-5253d78e0a85','Treva','Thompson','636-685-8683','TrevaWThompson@superrito.com','3873 Court Street, Saint Louis','Customer');
INSERT INTO peoples(id,first_name,last_name,phone,email,address,type) VALUES ('fc4fb784-fcb4-442c-b0da-3fee13af5efd','Salvador','Barrett','610-268-4419','SalvadorLBarrett@jourrapide.com','3320 Tree Top Lane, Avondale','Customer');
INSERT INTO peoples(id,first_name,last_name,phone,email,address,type) VALUES ('ad91b472-3efc-4049-b757-5fc16276cd7f','Beth','Lay','760-604-2120','BethSLay@fleckens.hu','4596 Vernon Street, San Diego','Customer');
INSERT INTO peoples(id,first_name,last_name,phone,email,address,type) VALUES ('8aef9cb6-177f-4b6b-a91c-667dd78c9caa','Sandra','Mauck','814-769-1832','SandraGMauck@armyspy.com','474 Spadafore Drive, Altoona','Customer');
INSERT INTO peoples(id,first_name,last_name,phone,email,address,type) VALUES ('962df999-7022-48fe-ac32-bb9a5b780602','Michael','Smith','310-901-3135','MichaelJSmith@gustr.com','4375 Prospect Valley Road, Irvine','Customer');
INSERT INTO peoples(id,first_name,last_name,phone,email,address,type) VALUES ('bef6e22f-4682-4cd7-8e3d-531a004d4201','Sam','Simonsen','256-267-9070','SamMSimonsen@teleworm.us','1245 Ritter Street, Clanton','Customer');
INSERT INTO peoples(id,first_name,last_name,phone,email,address,type) VALUES ('07459f70-569e-44b4-8692-69b28adb9994','Hollie','Martin','231-522-7375','HollieJMartin@teleworm.us','222 Twin Oaks Drive, Grand Rapids','Customer');
INSERT INTO peoples(id,first_name,last_name,phone,email,address,type) VALUES ('adae49d5-8e4e-4b96-983e-9db729aef6c1','Lewis','Lathrop','985-886-4687','LewisALathrop@rhyta.com','4220 Wood Street, Bush','Customer');

INSERT INTO employees(id,people_id,position,salary,note) VALUES ('11f7430c-4662-11e9-b210-d663bd873d93','b3d047c9-8b30-4fac-8ec2-1131f6fed320','hostess',1200,'unitl june');
INSERT INTO employees(id,people_id,position,salary,note) VALUES ('11f74654-4662-11e9-b210-d663bd873d93','32ce322c-6647-46a8-991c-d8731ac23a68','skipper',2400,'like Skopelos');
INSERT INTO employees(id,people_id,position,salary,note) VALUES ('11f748b6-4662-11e9-b210-d663bd873d93','d9fd3c9a-70c0-4675-9693-50dcbdfe7c80','mechanic',2000,'exsmoker');

INSERT INTO equipments(id,boat_id,item,last_checked_date,serial_number) VALUES ('cca800ce-4662-11e9-b210-d663bd873d93','0767aaf6-464b-11e9-b210-d663bd873d93','Outboard engine','05.03.2019','123456');
INSERT INTO equipments(id,boat_id,item,last_checked_date,serial_number) VALUES ('cca803bc-4662-11e9-b210-d663bd873d93','0767ac4a-464b-11e9-b210-d663bd873d93','Safty raft','01.12.2018','ASD112568');
INSERT INTO equipments(id,boat_id,item,last_checked_date,serial_number) VALUES ('cca80786-4662-11e9-b210-d663bd873d93','0767adb2-464b-11e9-b210-d663bd873d93','Radar','07.07.2018','8951551564');
INSERT INTO equipments(id,boat_id,item,last_checked_date,serial_number) VALUES ('cca80920-4662-11e9-b210-d663bd873d93','0767b028-464b-11e9-b210-d663bd873d93','Spinaker boom','08.08.2018','n/a');
INSERT INTO equipments(id,boat_id,item,last_checked_date,serial_number) VALUES ('cca80a88-4662-11e9-b210-d663bd873d93','0767b3d4-464b-11e9-b210-d663bd873d93','Solar panel','20.08.2017','4545SDF555');

INSERT INTO directions(id,destination,distance,period,price) VALUES ('f78f6588-4659-11e9-b210-d663bd873d93','Zakintos',120,7,100);
INSERT INTO directions(id,destination,distance,period,price) VALUES ('f78f688a-4659-11e9-b210-d663bd873d93','Santorini',240,14,200);
INSERT INTO directions(id,destination,distance,period,price) VALUES ('f78f6a7e-4659-11e9-b210-d663bd873d93','Milos',200,10,150);
INSERT INTO directions(id,destination,distance,period,price) VALUES ('f78f6c40-4659-11e9-b210-d663bd873d93','Tassos',50,7,100);
INSERT INTO directions(id,destination,distance,period,price) VALUES ('f78f6db2-4659-11e9-b210-d663bd873d93','Mikonos',150,7,120);
INSERT INTO directions(id,destination,distance,period,price) VALUES ('f78f6f10-4659-11e9-b210-d663bd873d93','Skiatos',130,10,110);
INSERT INTO directions(id,destination,distance,period,price) VALUES ('f78f706e-4659-11e9-b210-d663bd873d93','Alonisoss',145,7,150);
INSERT INTO directions(id,destination,distance,period,price) VALUES ('f78f758c-4659-11e9-b210-d663bd873d93','Skopelos',150,10,260);
INSERT INTO directions(id,destination,distance,period,price) VALUES ('f78f7708-4659-11e9-b210-d663bd873d93','Samotraki',190,14,350);
INSERT INTO directions(id,destination,distance,period,price) VALUES ('f78f791a-4659-11e9-b210-d663bd873d93','Limnos',200,14,300);

INSERT INTO repairs(id,boat_id,start_date,end_date,price,note,supplier,repair_type) VALUES ('7d0d6a2a-4664-11e9-b210-d663bd873d93','0767a1fa-464b-11e9-b210-d663bd873d93','01.01.2018','05.01.2018',100,'Mast','John Smith','Planned');
INSERT INTO repairs(id,boat_id,start_date,end_date,price,note,supplier,repair_type) VALUES ('7d0d7038-4664-11e9-b210-d663bd873d93','0767a34e-464b-11e9-b210-d663bd873d93','01.02.2018','03.02.2018',80,'Main sail','SCA Ltd.','Emergency');
INSERT INTO repairs(id,boat_id,start_date,end_date,price,note,supplier,repair_type) VALUES ('7d0d71d2-4664-11e9-b210-d663bd873d93','0767a826-464b-11e9-b210-d663bd873d93','01.03.2018','01.03.2018',240,'Annual check','DMEA','Planned');
INSERT INTO repairs(id,boat_id,start_date,end_date,price,note,supplier,repair_type) VALUES ('7d0d733a-4664-11e9-b210-d663bd873d93','0767a9a2-464b-11e9-b210-d663bd873d93','01.04.2018','10.04.2008',3200,'Keel','Peter Johnson','Emergency');

INSERT INTO charters(id,boat_id,people_id,direction_id,start_date,price) VALUES ('63d3ec80-4666-11e9-b210-d663bd873d93','07678800-464b-11e9-b210-d663bd873d93','57c5f450-fc83-491c-9729-33aabe8948a9','f78f6588-4659-11e9-b210-d663bd873d93','02.05.2018',3500);
INSERT INTO charters(id,boat_id,people_id,direction_id,start_date,price) VALUES ('63d3effa-4666-11e9-b210-d663bd873d93','07678bfc-464b-11e9-b210-d663bd873d93','efd657ec-562e-4cba-9479-df83c8b5d260','f78f688a-4659-11e9-b210-d663bd873d93','03.09.2018',2500);
INSERT INTO charters(id,boat_id,people_id,direction_id,start_date,price) VALUES ('63d3f73e-4666-11e9-b210-d663bd873d93','07678e40-464b-11e9-b210-d663bd873d93','cc3b9555-12b2-46ab-a20d-5ed9b98f2567','f78f6a7e-4659-11e9-b210-d663bd873d93','05.08.2018',1280);
INSERT INTO charters(id,boat_id,people_id,direction_id,start_date,price) VALUES ('63d3fa0e-4666-11e9-b210-d663bd873d93','07678fe4-464b-11e9-b210-d663bd873d93','600a8ae7-4ee0-480b-9c2a-7ef6cb901bbb','f78f6c40-4659-11e9-b210-d663bd873d93','06.08.2018',2360);
INSERT INTO charters(id,boat_id,people_id,direction_id,start_date,price) VALUES ('63d3fce8-4666-11e9-b210-d663bd873d93','0767914c-464b-11e9-b210-d663bd873d93','309991ca-b9f7-473b-92e7-cdea364642d0','f78f6db2-4659-11e9-b210-d663bd873d93','09.07.2018',2000);
INSERT INTO charters(id,boat_id,people_id,direction_id,start_date,price) VALUES ('63d3ff72-4666-11e9-b210-d663bd873d93','076797d2-464b-11e9-b210-d663bd873d93','05e3ce11-94d2-4267-97a1-484554a89252','f78f6f10-4659-11e9-b210-d663bd873d93','10.06.2018',2100);



