INSERT INTO boats_db.boats (id, cabins, draft, fuel_tank, last_checked_date, model, name, price, producer, toilets, water_tank) VALUES ('07678800-464b-11e9-b210-d663bd873d93', 3, 1.7, 180, '2018-10-17', '35', 'Assante', 1200.00, 'Bavaria', 1, 120);
INSERT INTO boats_db.boats (id, cabins, draft, fuel_tank, last_checked_date, model, name, price, producer, toilets, water_tank) VALUES ('07678bfc-464b-11e9-b210-d663bd873d93', 4, 1.8, 150, '2018-11-20', '42', 'Himera', 1400.00, 'Bavaria', 2, 180);
INSERT INTO boats_db.boats (id, cabins, draft, fuel_tank, last_checked_date, model, name, price, producer, toilets, water_tank) VALUES ('07678e40-464b-11e9-b210-d663bd873d93', 5, 2, 200, '2018-10-20', '50.5 Ciclades', 'Oceanis', 2000.00, 'Benetau', 4, 240);
INSERT INTO boats_db.boats (id, cabins, draft, fuel_tank, last_checked_date, model, name, price, producer, toilets, water_tank) VALUES ('07678fe4-464b-11e9-b210-d663bd873d93', 4, 1.6, 120, '2019-01-20', '39', 'Escape', 1800.00, 'Jeanneau', 2, 120);
INSERT INTO boats_db.boats (id, cabins, draft, fuel_tank, last_checked_date, model, name, price, producer, toilets, water_tank) VALUES ('0767914c-464b-11e9-b210-d663bd873d93', 3, 1.8, 130, '2019-02-20', 'Duffor 372', 'Andromeda', 2200.00, 'Gip Sea', 1, 180);
INSERT INTO boats_db.boats (id, cabins, draft, fuel_tank, last_checked_date, model, name, price, producer, toilets, water_tank) VALUES ('076797d2-464b-11e9-b210-d663bd873d93', 4, 2, 150, '2019-03-20', '41', 'Milena', 1500.00, 'Hallberg Rassy', 2, 240);
INSERT INTO boats_db.boats (id, cabins, draft, fuel_tank, last_checked_date, model, name, price, producer, toilets, water_tank) VALUES ('07679b24-464b-11e9-b210-d663bd873d93', 5, 2.2, 180, '2018-12-20', '50', 'Evil Woman', 1650.00, 'Bavaria', 5, 250);
INSERT INTO boats_db.boats (id, cabins, draft, fuel_tank, last_checked_date, model, name, price, producer, toilets, water_tank) VALUES ('07679ca0-464b-11e9-b210-d663bd873d93', 4, 1.8, 250, '2018-05-20', '58', 'Pretty Lady', 2000.00, 'Bavaria', 4, 220);
INSERT INTO boats_db.boats (id, cabins, draft, fuel_tank, last_checked_date, model, name, price, producer, toilets, water_tank) VALUES ('07679df4-464b-11e9-b210-d663bd873d93', 4, 2, 120, '2018-08-20', '40', 'Ipsipili', 1500.00, 'Elan', 2, 215);
INSERT INTO boats_db.boats (id, cabins, draft, fuel_tank, last_checked_date, model, name, price, producer, toilets, water_tank) VALUES ('07679f48-464b-11e9-b210-d663bd873d93', 4, 1.6, 150, '2018-08-03', '46', 'Alexandria', 1200.00, 'Benetau', 2, 120);
INSERT INTO boats_db.boats (id, cabins, draft, fuel_tank, last_checked_date, model, name, price, producer, toilets, water_tank) VALUES ('0767a09c-464b-11e9-b210-d663bd873d93', 4, 1.8, 200, '2018-04-19', '48', 'Eden', 1400.00, 'Jeanneau', 2, 180);
INSERT INTO boats_db.boats (id, cabins, draft, fuel_tank, last_checked_date, model, name, price, producer, toilets, water_tank) VALUES ('0767a1fa-464b-11e9-b210-d663bd873d93', 4, 2, 120, '2018-06-20', '42', 'Pink Flamingo', 2000.00, 'Gip Sea', 2, 240);
INSERT INTO boats_db.boats (id, cabins, draft, fuel_tank, last_checked_date, model, name, price, producer, toilets, water_tank) VALUES ('0767a34e-464b-11e9-b210-d663bd873d93', 4, 1.8, 130, '2018-09-20', '40', 'Queen', 1800.00, 'Hallberg Rassy', 2, 250);
INSERT INTO boats_db.boats (id, cabins, draft, fuel_tank, last_checked_date, model, name, price, producer, toilets, water_tank) VALUES ('0767a826-464b-11e9-b210-d663bd873d93', 3, 1.8, 150, '2019-02-20', '38', 'Iliyana', 2200.00, 'Bavaria', 2, 220);
INSERT INTO boats_db.boats (id, cabins, draft, fuel_tank, last_checked_date, model, name, price, producer, toilets, water_tank) VALUES ('0767a9a2-464b-11e9-b210-d663bd873d93', 2, 1.6, 180, '2019-01-01', '38', 'Joy', 1500.00, 'Benetau', 1, 215);
INSERT INTO boats_db.boats (id, cabins, draft, fuel_tank, last_checked_date, model, name, price, producer, toilets, water_tank) VALUES ('0767aaf6-464b-11e9-b210-d663bd873d93', 4, 1.8, 250, '2018-12-20', '40', 'Maria Joanna', 1650.00, 'Jeanneau', 2, 120);
INSERT INTO boats_db.boats (id, cabins, draft, fuel_tank, last_checked_date, model, name, price, producer, toilets, water_tank) VALUES ('0767ac4a-464b-11e9-b210-d663bd873d93', 4, 2, 120, '2018-12-20', '40', 'Sofia', 2000.00, 'Gip Sea', 2, 180);
INSERT INTO boats_db.boats (id, cabins, draft, fuel_tank, last_checked_date, model, name, price, producer, toilets, water_tank) VALUES ('0767adb2-464b-11e9-b210-d663bd873d93', 5, 1.6, 130, '2018-11-20', '44', 'Dara', 1545.00, 'Hallberg Rassy', 3, 240);
INSERT INTO boats_db.boats (id, cabins, draft, fuel_tank, last_checked_date, model, name, price, producer, toilets, water_tank) VALUES ('0767b028-464b-11e9-b210-d663bd873d93', 4, 1.8, 150, '2018-04-28', '46', 'Future', 1400.00, 'Elan', 2, 250);
INSERT INTO boats_db.boats (id, cabins, draft, fuel_tank, last_checked_date, model, name, price, producer, toilets, water_tank) VALUES ('0767b3d4-464b-11e9-b210-d663bd873d93', 5, 2, 180, '2018-07-20', '50', 'Fortuna', 2000.00, 'Benetau', 3, 220);

INSERT INTO boats_db.directions (id, destination, distance, period, price) VALUES ('f78f6588-4659-11e9-b210-d663bd873d93', 'Zakintos', 120, 7, 100.00);
INSERT INTO boats_db.directions (id, destination, distance, period, price) VALUES ('f78f688a-4659-11e9-b210-d663bd873d93', 'Santorini', 240, 14, 200.00);
INSERT INTO boats_db.directions (id, destination, distance, period, price) VALUES ('f78f6a7e-4659-11e9-b210-d663bd873d93', 'Milos', 200, 10, 150.00);
INSERT INTO boats_db.directions (id, destination, distance, period, price) VALUES ('f78f6c40-4659-11e9-b210-d663bd873d93', 'Tassos', 50, 7, 100.00);
INSERT INTO boats_db.directions (id, destination, distance, period, price) VALUES ('f78f6db2-4659-11e9-b210-d663bd873d93', 'Mikonos', 150, 7, 120.00);
INSERT INTO boats_db.directions (id, destination, distance, period, price) VALUES ('f78f6f10-4659-11e9-b210-d663bd873d93', 'Skiatos', 130, 10, 110.00);
INSERT INTO boats_db.directions (id, destination, distance, period, price) VALUES ('f78f706e-4659-11e9-b210-d663bd873d93', 'Alonisoss', 145, 7, 150.00);
INSERT INTO boats_db.directions (id, destination, distance, period, price) VALUES ('f78f758c-4659-11e9-b210-d663bd873d93', 'Skopelos', 150, 10, 260.00);
INSERT INTO boats_db.directions (id, destination, distance, period, price) VALUES ('f78f7708-4659-11e9-b210-d663bd873d93', 'Samotraki', 190, 14, 350.00);
INSERT INTO boats_db.directions (id, destination, distance, period, price) VALUES ('f78f791a-4659-11e9-b210-d663bd873d93', 'Limnos', 200, 14, 300.00);

INSERT INTO boats_db.employees (id, note, position, salary, people_id) VALUES ('11f7430c-4662-11e9-b210-d663bd873d93', 'until june', 'hostess', 1200.00, 'b3d047c9-8b30-4fac-8ec2-1131f6fed320');
INSERT INTO boats_db.employees (id, note, position, salary, people_id) VALUES ('11f74654-4662-11e9-b210-d663bd873d93', 'like Skopelos', 'skipper', 2400.00, '32ce322c-6647-46a8-991c-d8731ac23a68');
INSERT INTO boats_db.employees (id, note, position, salary, people_id) VALUES ('11f748b6-4662-11e9-b210-d663bd873d93', 'smoker', 'mechanic', 2000.00, 'd9fd3c9a-70c0-4675-9693-50dcbdfe7c80');

INSERT INTO boats_db.equipments (id, item, last_checked_date, serial_number, boat_id) VALUES ('cca800ce-4662-11e9-b210-d663bd873d93', 'Outboard engine', '2005-03-20', '123456', '0767aaf6-464b-11e9-b210-d663bd873d93');
INSERT INTO boats_db.equipments (id, item, last_checked_date, serial_number, boat_id) VALUES ('cca803bc-4662-11e9-b210-d663bd873d93', 'Safety raft', '2001-12-20', 'ASD112568', '0767ac4a-464b-11e9-b210-d663bd873d93');
INSERT INTO boats_db.equipments (id, item, last_checked_date, serial_number, boat_id) VALUES ('cca80786-4662-11e9-b210-d663bd873d93', 'Radar', '2007-07-20', '8951551564', '0767adb2-464b-11e9-b210-d663bd873d93');
INSERT INTO boats_db.equipments (id, item, last_checked_date, serial_number, boat_id) VALUES ('cca80920-4662-11e9-b210-d663bd873d93', 'Spinnaker boom', '2008-08-20', 'n/a', '0767b028-464b-11e9-b210-d663bd873d93');
INSERT INTO boats_db.equipments (id, item, last_checked_date, serial_number, boat_id) VALUES ('cca80a88-4662-11e9-b210-d663bd873d93', 'Solar panel', '2020-08-20', '4545SDF555', '0767b3d4-464b-11e9-b210-d663bd873d93');

INSERT INTO boats_db.peoples (id, address, is_customer, email, is_employee, first_name, last_name, phone, is_supplier) VALUES ('01e959b0-6ae8-4763-bbd6-eb3eae209da1', '3829 Rinehart Road, Miami', true, 'JerryMDean@superrito.com', false, 'Jerry', 'Dean', '786-433-7515', false);
INSERT INTO boats_db.peoples (id, address, is_customer, email, is_employee, first_name, last_name, phone, is_supplier) VALUES ('046bf111-4f0e-4f7a-9450-1403140e8f74', '1191 Cost Avenue, Washington', true, 'MargaritaRCabral@cuvox.de', true, 'Margarita', 'isSup isEmp is Cust', '301-458-9640', true);
INSERT INTO boats_db.peoples (id, address, is_customer, email, is_employee, first_name, last_name, phone, is_supplier) VALUES ('07d9f392-6729-45cc-a749-cd3fd93d1e75', '4106 Ridge Road, Wichita', true, 'DavidABriscoe@fleckens.hu', false, 'David', 'Briscoe', '620-708-8226', false);
INSERT INTO boats_db.peoples (id, address, is_customer, email, is_employee, first_name, last_name, phone, is_supplier) VALUES ('0fc6cfd5-61f7-427c-b72e-aa152b56b024', '1671 Stanton Hollow Road, Burlington', false, 'ThomasJHeck@cuvox.de', false, 'Thomas', 'Heck', '781-505-3265', true);
INSERT INTO boats_db.peoples (id, address, is_customer, email, is_employee, first_name, last_name, phone, is_supplier) VALUES ('218be51c-4445-41f7-b353-20a1357ccf30', '1795 Hartway Street, Mound City', true, 'CarolCHughes@gustr.com', false, 'Carol', 'Hughes', '605-820-9275', false);
INSERT INTO boats_db.peoples (id, address, is_customer, email, is_employee, first_name, last_name, phone, is_supplier) VALUES ('2f553d40-e059-432a-a1a5-80252ccab5a8', '4118 Kidd Avenue, Anchorage', true, 'JosephJFrase@teleworm.us', false, 'Joseph', 'Frase', '907-792-4521', false);
INSERT INTO boats_db.peoples (id, address, is_customer, email, is_employee, first_name, last_name, phone, is_supplier) VALUES ('32ce322c-6647-46a8-991c-d8731ac23a68', '2299 Gateway Avenue, Bakersfield', false, 'WilliamNHall@gustr.com', true, 'William', 'Hall', '661-817-2650', false);
INSERT INTO boats_db.peoples (id, address, is_customer, email, is_employee, first_name, last_name, phone, is_supplier) VALUES ('37a9df9d-4594-4cdb-8857-144700911821', '4323 Golf Course Drive, Manassas', false, 'GordonHHenry@teleworm.us', false, 'Gordon', 'Henry', '703-392-0009', true);
INSERT INTO boats_db.peoples (id, address, is_customer, email, is_employee, first_name, last_name, phone, is_supplier) VALUES ('4331f1a3-584f-4da7-ba73-d6f1c49d798d', '254 Pin Oak Drive, Long Beach', true, 'DennisTLarocque@jourrapide.com', false, 'Dennis', 'Larocque', '562-982-5741', false);
INSERT INTO boats_db.peoples (id, address, is_customer, email, is_employee, first_name, last_name, phone, is_supplier) VALUES ('5a620628-2dec-4922-8ee5-83476cf86529', '1788 Snider Street, Englewood', true, 'CatherineWBales@jourrapide.com', false, 'Catherine', 'Bales', '720-226-9123', false);
INSERT INTO boats_db.peoples (id, address, is_customer, email, is_employee, first_name, last_name, phone, is_supplier) VALUES ('643279f4-eef3-4f98-9f61-38d58bdfcd4a', '4438 Kuhl Avenue, Atlanta', true, 'BuddyJStuart@dayrep.com', false, 'Buddy', 'Stuart', '678-686-8554', false);
INSERT INTO boats_db.peoples (id, address, is_customer, email, is_employee, first_name, last_name, phone, is_supplier) VALUES ('7b4626c5-f28e-4538-a22e-e4562b987e0b', '3795 Felosa Drive, San Angelo', true, 'RusselEPierce@dayrep.com', false, 'Russel', 'Pierce', '325-212-4756', false);
INSERT INTO boats_db.peoples (id, address, is_customer, email, is_employee, first_name, last_name, phone, is_supplier) VALUES ('b3d047c9-8b30-4fac-8ec2-1131f6fed320', '3813 Eagle Lane, East Grand Forks', false, 'StellaBCavallo@gustr.com', true, 'Stella', 'Cavallo', '218-693-0075', false);
INSERT INTO boats_db.peoples (id, address, is_customer, email, is_employee, first_name, last_name, phone, is_supplier) VALUES ('b51f3eff-91d4-4376-8fa0-fdb228765596', '2570 Spruce Drive, Irwin', false, 'JulioSFischer@superrito.com', false, 'Julio', 'Fischer', '724-863-8004', true);
INSERT INTO boats_db.peoples (id, address, is_customer, email, is_employee, first_name, last_name, phone, is_supplier) VALUES ('b5e94f0b-a2bb-4595-a0de-19bd6e7fcedb', '43 Straford Park, Somerset', false, 'BeverlyLCrabtree@einrot.com', false, 'Beverly', 'Crabtree', '606-677-1731', true);
INSERT INTO boats_db.peoples (id, address, is_customer, email, is_employee, first_name, last_name, phone, is_supplier) VALUES ('cc3cd4a8-4f73-4c25-b69a-51a916ae12b7', '3161 Waterview Lane, Alamogordo', true, 'DavidLThomas@fleckens.hu', false, 'David', 'Thomas', '505-443-2048', false);
INSERT INTO boats_db.peoples (id, address, is_customer, email, is_employee, first_name, last_name, phone, is_supplier) VALUES ('cf2f5ecc-2c60-456e-8664-e2386293a044', '2598 Kerry Way, Burbank', true, 'DennisWatts@armyspy.com', false, 'Dennis', 'Watts', '562-883-6103', false);
INSERT INTO boats_db.peoples (id, address, is_customer, email, is_employee, first_name, last_name, phone, is_supplier) VALUES ('d448aab3-9960-4947-9673-e19dfbeb6a81', '4518 Ward Road, Yonkers', true, 'JuanitaDHague@dayrep.com', false, 'Juanita', 'Hague', '914-969-6830', false);
INSERT INTO boats_db.peoples (id, address, is_customer, email, is_employee, first_name, last_name, phone, is_supplier) VALUES ('d9fd3c9a-70c0-4675-9693-50dcbdfe7c80', '3831 Kelley Road, Pascagoula', false, 'KirkBBernier@dayrep.com', true, 'Kirk', 'Bernier', '228-497-2152', false);
INSERT INTO boats_db.peoples (id, address, is_customer, email, is_employee, first_name, last_name, phone, is_supplier) VALUES ('e08a1a1e-9a8b-495b-be17-483f14387013', '1761 Deer Haven Drive, Greenville', true, 'CarlKLark@rhyta.com', false, 'Carl', 'Lark', '864-328-0103', false);
INSERT INTO boats_db.peoples (id, address, is_customer, email, is_employee, first_name, last_name, phone, is_supplier) VALUES ('e938420b-9e92-4527-8e7d-151227ec6c50', '2055 Clair Street, Waco', true, 'SherryCHazzard@cuvox.de', false, 'Sherry', 'Hazzard', '254-640-2657', false);
INSERT INTO boats_db.peoples (id, address, is_customer, email, is_employee, first_name, last_name, phone, is_supplier) VALUES ('f4f4eeba-71b1-4a68-b011-7929cebdd999', '3114 Beech Street, Oakland', true, 'LeifPWheeler@teleworm.us', false, 'Leif', 'Wheeler', '925-716-4263', false);
INSERT INTO boats_db.peoples (id, address, is_customer, email, is_employee, first_name, last_name, phone, is_supplier) VALUES ('fdc9a5f0-3e3f-47f1-a81f-4f1feb74eb81', '1604 Stratford Park, Mitchell', true, 'TanyaDBooker@einrot.com', false, 'Tanya', 'Booker', '812-849-6619', false);

INSERT INTO boats_db.repairs (id, end_date, note, price, repair_type, start_date, boat_id, supplier_id) VALUES ('7d0d6a2a-4664-11e9-b210-d663bd873d93', '2005-01-20', 'Mast', 100.00, 'Planned', '2001-01-20', '0767a1fa-464b-11e9-b210-d663bd873d93', '37a9df9d-4594-4cdb-8857-144700911821');
INSERT INTO boats_db.repairs (id, end_date, note, price, repair_type, start_date, boat_id, supplier_id) VALUES ('7d0d7038-4664-11e9-b210-d663bd873d93', '2003-02-20', 'Main sail', 80.00, 'Emergency', '2001-02-20', '0767a34e-464b-11e9-b210-d663bd873d93', 'b51f3eff-91d4-4376-8fa0-fdb228765596');
INSERT INTO boats_db.repairs (id, end_date, note, price, repair_type, start_date, boat_id, supplier_id) VALUES ('7d0d733a-4664-11e9-b210-d663bd873d93', '2010-04-20', 'Keel', 3200.00, 'Emergency', '2001-04-20', '0767a9a2-464b-11e9-b210-d663bd873d93', '0fc6cfd5-61f7-427c-b72e-aa152b56b024');

INSERT INTO boats_db.charters (id, price, start_date, boat_id, people_id, direction_id) VALUES ('00b7a1e7-9af9-42da-99ab-cb9d61870345', 1400.00, '2019-04-24', '07678800-464b-11e9-b210-d663bd873d93', '01e959b0-6ae8-4763-bbd6-eb3eae209da1', 'f78f688a-4659-11e9-b210-d663bd873d93');
INSERT INTO boats_db.charters (id, price, start_date, boat_id, people_id, direction_id) VALUES ('2e6e8f91-18c3-4fa9-abaf-a4f388121397', 1850.00, '2019-04-22', '07679b24-464b-11e9-b210-d663bd873d93', 'e08a1a1e-9a8b-495b-be17-483f14387013', 'f78f688a-4659-11e9-b210-d663bd873d93');
INSERT INTO boats_db.charters (id, price, start_date, boat_id, people_id, direction_id) VALUES ('4d7baa02-6cca-4a09-8504-f485234125aa', 1900.00, '2019-05-01', '07678fe4-464b-11e9-b210-d663bd873d93', '4331f1a3-584f-4da7-ba73-d6f1c49d798d', 'f78f6588-4659-11e9-b210-d663bd873d93');
INSERT INTO boats_db.charters (id, price, start_date, boat_id, people_id, direction_id) VALUES ('5927c0af-6a3d-42b3-a8b8-6b5f6a71a185', 2150.00, '2019-04-13', '07678fe4-464b-11e9-b210-d663bd873d93', '01e959b0-6ae8-4763-bbd6-eb3eae209da1', 'f78f7708-4659-11e9-b210-d663bd873d93');
INSERT INTO boats_db.charters (id, price, start_date, boat_id, people_id, direction_id) VALUES ('63d3f73e-4666-11e9-b210-d663bd873d93', 1280.00, '2005-08-20', '07678e40-464b-11e9-b210-d663bd873d93', '01e959b0-6ae8-4763-bbd6-eb3eae209da1', 'f78f6a7e-4659-11e9-b210-d663bd873d93');
INSERT INTO boats_db.charters (id, price, start_date, boat_id, people_id, direction_id) VALUES ('63d3fa0e-4666-11e9-b210-d663bd873d93', 2360.00, '2006-08-20', '07678fe4-464b-11e9-b210-d663bd873d93', 'f4f4eeba-71b1-4a68-b011-7929cebdd999', 'f78f6c40-4659-11e9-b210-d663bd873d93');
INSERT INTO boats_db.charters (id, price, start_date, boat_id, people_id, direction_id) VALUES ('63d3fce8-4666-11e9-b210-d663bd873d93', 2000.00, '2009-07-20', '0767914c-464b-11e9-b210-d663bd873d93', '4331f1a3-584f-4da7-ba73-d6f1c49d798d', 'f78f6db2-4659-11e9-b210-d663bd873d93');
INSERT INTO boats_db.charters (id, price, start_date, boat_id, people_id, direction_id) VALUES ('7c5d14a6-ea03-4fdd-b82f-812c142c64f3', 1610.00, '2019-04-21', '0767adb2-464b-11e9-b210-d663bd873d93', '643279f4-eef3-4f98-9f61-38d58bdfcd4a', 'f78f6f10-4659-11e9-b210-d663bd873d93');
INSERT INTO boats_db.charters (id, price, start_date, boat_id, people_id, direction_id) VALUES ('8917f545-fa95-4e2f-91ef-9bb857f56480', 1950.00, '2019-05-01', '0767a34e-464b-11e9-b210-d663bd873d93', '4331f1a3-584f-4da7-ba73-d6f1c49d798d', 'f78f706e-4659-11e9-b210-d663bd873d93');
INSERT INTO boats_db.charters (id, price, start_date, boat_id, people_id, direction_id) VALUES ('e7094f53-5b10-4bcb-a8cd-10bd39dd4e65', 2150.00, '2019-04-12', '07678e40-464b-11e9-b210-d663bd873d93', 'fdc9a5f0-3e3f-47f1-a81f-4f1feb74eb81', 'f78f6a7e-4659-11e9-b210-d663bd873d93');